Kendra	Loud	Deloitte & Touche	6 Arch St #9757	Alcida		E8J 2C4	506-363-1526	506-932-4472	kloud@gmail.com	http://www.deloittetouche.com
Lourdes	Bauswell	Oklahoma Neon Inc	9547 Belmont Rd #21	Belleville	ON	K8P 1B3	613-903-7043	613-638-6682	lourdes_bauswell@aol.com	http://www.oklahomaneoninc.com
Hannah	Edmison	M B A Paint Stores	73 Pittsford Victor Rd	Vancouver	BC	V5Z 3K2	604-334-3686	604-692-7694	hannah@yahoo.com	http://www.mbapaintstores.com
Tom	Loeza	Sheraton Shreveport Hotel	447 Commercial St Se	LIle-Perrot	QC	J7V 4T4	514-487-6096	514-727-4760	tom.loeza@gmail.com	http://www.sheratonshreveporthotel.com
Queenie	Kramarczyk	Goeman Wood Products Inc	47 Garfield Ave	Swift Current	SK	S9H 4V2	306-421-5793	306-302-7591	queenie.kramarczyk@kramarczyk.org	http://www.goemanwoodproductsinc.com
Hui	Portaro	A Storage Inn Of Gloucester	3 Mill Rd	Baker Brook	NB	E7A 1T3	506-827-7755	506-276-4830	hui_portaro@cox.net	http://www.astorageinnofgloucester.com
Josefa	Opitz	Norman Gale Isuzu	136 W Grand Ave #3	Delhi	ON	N4B 1C4	519-788-7645	519-526-3721	josefa.opitz@opitz.org	http://www.normangaleisuzu.com
Lea	Steinhaus	James, Christopher Esq	80 Maplewood Dr #34	Bradford	ON	L3Z 2S4	905-618-8258	905-651-3298	lsteinhaus@cox.net	http://www.jameschristopheresq.com
Paola	Vielma	Congress Title	58 Hancock St	Aurora	ON	L4G 2J7	905-456-1117	905-263-7711	paola_vielma@aol.com	http://www.congresstitle.com
Hortencia	Bresser	Batavia Chamber Of Commerce	808 Calle De Industrias	New Waterford	NS	B1H 1Z4	902-256-6791	902-370-8282	hbresser@aol.com	http://www.bataviachamberofcommerce.com
Leanna	Tijerina	Stephenson Land Surveying	2859 Dorsett Rd	North York	ON	M9L 2T9	416-719-2114	416-658-1773	leanna@cox.net	http://www.stephensonlandsurveying.com
Danilo	Pride	Harry L Adams Incorporated	6857 Wall St	Red Deer	AB	T4R 2H5	403-212-4945	403-888-9985	danilo_pride@hotmail.com	http://www.harryladamsincorporated.com
Huey	Marcille	Southern Idaho Pipe & Stl Corp	169 Journal Sq	Edmonton	AB	T5P 1G9	780-639-3619	780-520-1241	huey.marcille@gmail.com	http://www.southernidahopipestlcorp.com
Apolonia	Warne	Kitchen People	3 E 31st St #77	Fredericton	NB	E3G 0A3	506-978-1488	506-221-1874	apolonia@gmail.com	http://www.kitchenpeople.com
Chandra	Lagos	Meredith Realty Group Inc	7 N Dean St	Etobicoke	ON	M8Z 3P6	416-716-6446	416-822-1760	chandra.lagos@lagos.org	http://www.meredithrealtygroupinc.com
Crissy	Pacholec	Cgi Systems Inc	85 S State St	Barrie	ON	L4N 6T7	705-477-2307	705-523-6746	crissy@aol.com	http://www.cgisystemsinc.com
Gianna	Branin	All Brevard Cert Apprsls Inc	100 Main St	Calgary	AB	T2K 4X5	403-337-7162	403-540-5944	gianna@aol.com	http://www.allbrevardcertapprslsinc.com
Valentin	Billa	General Color Co Inc	6185 Bohn St #72	Pangman	SK	S0C 2C0	306-291-5073	306-316-7477	vbilla@yahoo.com	http://www.generalcolorcoinc.com
Ilona	Dudash	Adams Balcom & Larose Pc	2 Sutton Pl S #5727	Rouyn-Noranda	QC	J9X 3V4	819-536-7034	819-413-1530	idudash@dudash.com	http://www.adamsbalcomlarosepc.com
Willard	Lablanc	Mershon Metal Specialties Inc	1534 Sidco Dr	Leduc	AB	T9E 5A6	780-384-5410	780-835-8022	wlablanc@yahoo.com	http://www.mershonmetalspecialtiesinc.com
Lauryn	Randol	Judy, Henry L Esq	4207 Leon Rd	North Vancouver	BC	V7L 3X6	604-236-4625	604-597-5482	lauryn@yahoo.com	http://www.judyhenrylesq.com
Laurena	Begin	Barry, Anthony S Esq	7564 N Academy Ave	London	ON	N6A 1S5	519-790-8660	519-942-6403	laurena.begin@begin.com	http://www.barryanthonysesq.com
Elise	Michelle	Thurman, William T Esq	88 E Saint Elmo Rd	Hamilton	ON	L8R 3J3	905-652-4509	905-695-9406	elise@gmail.com	http://www.thurmanwilliamtesq.com
Corrie	Kardell	Lynch, Steven J Esq	75 Westchester Ave	Pierrefonds	QC	H9J 1W6	514-203-7817	514-329-4482	corrie_kardell@aol.com	http://www.lynchstevenjesq.com
Kimberely	Rabuse	Carey, Paul D Esq	89 W 35th St #1	Windsor	ON	N8S 3R1	519-912-5533	519-814-7675	kimberely.rabuse@cox.net	http://www.careypauldesq.com
Tish	Violett	Electro Arc Manufacturing Co	1 Norris Ave #4095	Laval	QC	H7W 5K7	450-840-7605	450-571-7613	tish.violett@violett.com	http://www.electroarcmanufacturingco.com
Hollis	Stanfield	Feehan Plumbing & Heating	5174 Interstate 45 N	Yellowhead County	AB	T7E 3A7	780-574-5620	780-994-8693	hollis.stanfield@aol.com	http://www.feehanplumbingheating.com
Andree	Christmann	Easton Cooperative Bank	765 Rock Island Rd	Strathroy	ON	N7G 3K6	519-872-6826	519-648-4096	andree.christmann@cox.net	http://www.eastoncooperativebank.com
Lyla	Fucillo	Hambro Forest Products Inc	7979 33  191	North River	NS	B6L 6N1	902-844-1174	902-727-6846	lyla_fucillo@cox.net	http://www.hambroforestproductsinc.com
Felton	Yafuso	Penkava, Robert Md	202 Madison Ave	Ottawa	ON	K1Y 1M2	613-749-1169	613-603-5671	felton.yafuso@gmail.com	http://www.penkavarobertmd.com
Dell	Polino	Saint John Neumann Nurse Home	56 Corporate Dr	Becancour	QC	G9H 1H7	819-255-1725	819-960-7659	dell_polino@polino.com	http://www.saintjohnneumannnursehome.com
Nohemi	Leko	Bohne, Karl W Jr	37 Us Highway 12e E #6	Sault Ste. Marie	ON	P6C 2C8	705-838-9265	705-876-8353	nohemi@aol.com	http://www.bohnekarlwjr.com
Tambra	Lembke	Moore, Albert F Esq	6734 W Jackson Blvd	Salmon Arm	BC	V1E 4G9	250-353-7479	250-437-2898	tlembke@lembke.org	http://www.moorealbertfesq.com
Vicki	Maikoksoong	George Bigham & Associates	7 Tomahawk Dr	Richmond	BC	V7A 3N1	604-231-6180	604-518-2078	vicki@gmail.com	http://www.georgebighamassociates.com
Renato	Airhart	Super 8 Motel	1 Vernon Blvd	Calgary	AB	T2A 2H9	403-444-2250	403-232-4114	renato_airhart@hotmail.com	http://www.supermotel.com
Lenita	Darbro	Ball, David S	2726 Franklin Hill Rd	Vernon	BC	V1T 7V8	250-749-4517	250-607-3667	lenita@yahoo.com	http://www.balldavids.com
Barney	Hagen	Fox Vision Center	6335 Fort Myer Dr	Saint-Hyacinthe	QC	J2S 2N3	450-526-5424	450-755-7626	barney@yahoo.com	http://www.foxvisioncenter.com
Matthew	Armacost	Livingston & Schneider Pc	220 Old Us Highway 441	Peterborough	ON	K9H 6C3	705-417-7221	705-937-7391	matthew_armacost@gmail.com	http://www.livingstonschneiderpc.com
Belen	Nelton	A Peter Howell Pc	77 Central Pky N	Quesnel	BC	V2J 1N4	250-768-5812	250-801-3234	bnelton@gmail.com	http://www.apeterhowellpc.com
Iesha	Wardle	Honker Cut Marine	781 Alabama Ave	Etobicoke	ON	M8Z 2C1	416-989-2001	416-615-4957	iesha@gmail.com	http://www.honkercutmarine.com
Francesco	Sarchet	Gabriel & Associates	22 Dearborn St	Regina	SK	S4T 4B1	306-524-4509	306-353-2821	francesco@hotmail.com	http://www.gabrielassociates.com
Paulene	Rhule	Beck Corporation	21 E 64th Ave	Matane	QC	G4W 3G6	418-348-2107	418-378-2652	paulene_rhule@rhule.org	http://www.beckcorporation.com
Carole	Hughlett	Kolodny, Howard Esq	9 N Central Ave	Abbotsford	BC	V2S 5R3	604-262-8556	604-598-8225	carole_hughlett@hughlett.com	http://www.kolodnyhowardesq.com
Miss	Dunning	Mcgladrey & Pullen	38 Douglas Rd E #39	Regina	SK	S4R 1J5	306-508-8874	306-844-7974	mdunning@gmail.com	http://www.mcgladreypullen.com
Elfrieda	Hinsch	Y 105 Kgfy	4929 Sidney St #8276	Vernon	BC	V1T 4A3	250-454-9384	250-243-5520	elfrieda_hinsch@hinsch.org	http://www.ykgfy.com
Edelmira	Calzado	Chagrin Wine & Beverage Co	4936 Walcott Rd	Regina	SK	S4R 3M1	306-611-7185	306-432-3860	edelmira@hotmail.com	http://www.chagrinwinebeverageco.com
Jaime	Wasurick	Lewis, George L Esq	6760 E Fayette St #9	Saint-Damien	QC	J0K 2N1	450-531-8633	450-988-2708	jaime_wasurick@hotmail.com	http://www.lewisgeorgelesq.com
Lera	Hua	York Services Landscpg Divsn	6638 S Webster St #491	Miramichi	NB	E1V 2N4	506-556-4300	506-802-9529	lhua@aol.com	http://www.yorkserviceslandscpgdivsn.com
Jame	Mastro	Janney Montgomery Scott Inc	4465 James St	Kitchener	ON	N2N 1Y6	519-920-7003	519-719-2960	jmastro@aol.com	http://www.janneymontgomeryscottinc.com
